"STATION","NAME","DATE","AWND","PGTM","PRCP","SNOW","SNWD","TAVG","TMAX","TMIN","TSUN","WDF2","WDF5","WSF2","WSF5","WT01","WT02","WT03","WT04","WT06","WT08"
"USW00094728","NY CITY CENTRAL PARK, NY US","2019-01-01",,,"0.06","0.0","0.0",,"58","39",,,,,,"    1",,,,,
"USW00094728","NY CITY CENTRAL PARK, NY US","2019-01-02",,,"0.00","0.0","0.0",,"40","35",,,,,,,,,,,
"USW00094728","NY CITY CENTRAL PARK, NY US","2019-01-03",,,"0.00","0.0","0.0",,"44","37",,,,,,,,,,,
"USW00094728","NY CITY CENTRAL PARK, NY US","2019-01-04",,,"0.00","0.0","0.0",,"47","35",,,,,,,,,,,
"USW00094728","NY CITY CENTRAL PARK, NY US","2019-01-05",,,"0.50","0.0","0.0",,"47","41",,,,,,"    1",,,,,
"USW00094728","NY CITY CENTRAL PARK, NY US","2019-01-06",,,"0.00","0.0","0.0",,"49","31",,,,,,,,,,,
"USW00094728","NY CITY CENTRAL PARK, NY US","2019-01-07",,,"0.00","0.0","0.0",,"34","25",,,,,,,,,,,
"USW00094728","NY CITY CENTRAL PARK, NY US","2019-01-08",,,"0.17","0.0","0.0",,"45","34",,,,,,"    1",,,,,
"USW00094728","NY CITY CENTRAL PARK, NY US","2019-01-09",,,"0.06","0.0","0.0",,"45","34",,,,,,"    1",,,,,
"USW00094728","NY CITY CENTRAL PARK, NY US","2019-01-10",,,"0.00","0.0","0.0",,"34","28",,,,,,,,,,,
"USW00094728","NY CITY CENTRAL PARK, NY US","2019-01-11",,,"0.00","0.0","0.0",,"30","21",,,,,,,,,,,
"USW00094728","NY CITY CENTRAL PARK, NY US","2019-01-12",,,"0.00","0.0","0.0",,"34","20",,,,,,,,,,,
"USW00094728","NY CITY CENTRAL PARK, NY US","2019-01-13",,,"0.00","0.0","0.0",,"33","25",,,,,,,,,,,
"USW00094728","NY CITY CENTRAL PARK, NY US","2019-01-14",,,"0.00","0.0","0.0",,"32","22",,,,,,,,,,,
"USW00094728","NY CITY CENTRAL PARK, NY US","2019-01-15",,,"0.00","0.0","0.0",,"36","25",,,,,,,,,,,
"USW00094728","NY CITY CENTRAL PARK, NY US","2019-01-16",,,"0.00","0.0","0.0",,"39","30",,,,,,,,,,,"    1"
"USW00094728","NY CITY CENTRAL PARK, NY US","2019-01-17",,,"0.00","0.0","0.0",,"33","24",,,,,,,,,,,
"USW00094728","NY CITY CENTRAL PARK, NY US","2019-01-18",,,"0.05","0.5","1.2",,"39","29",,,,,,"    1",,,,,"    1"
"USW00094728","NY CITY CENTRAL PARK, NY US","2019-01-19",,,"0.29","0.2","0.0",,"37","32",,,,,,"    1",,,,,
"USW00094728","NY CITY CENTRAL PARK, NY US","2019-01-20",,,"0.88","0.0","0.0",,"42","14",,,,,,"    1",,,,,
"USW00094728","NY CITY CENTRAL PARK, NY US","2019-01-21",,,"0.00","0.0","0.0",,"14","4",,,,,,,,,,,
"USW00094728","NY CITY CENTRAL PARK, NY US","2019-01-22",,,"0.00","0.0","0.0",,"31","13",,,,,,,,,,,
"USW00094728","NY CITY CENTRAL PARK, NY US","2019-01-23",,,"0.00","0.0","0.0",,"52","31",,,,,,,,,,,
"USW00094728","NY CITY CENTRAL PARK, NY US","2019-01-24",,,"1.33","0.0","0.0",,"59","35",,,,,,"    1",,,,,
"USW00094728","NY CITY CENTRAL PARK, NY US","2019-01-25",,,"0.00","0.0","0.0",,"40","28",,,,,,,,,,,
"USW00094728","NY CITY CENTRAL PARK, NY US","2019-01-26",,,"0.00","0.0","0.0",,"35","24",,,,,,,,,,,
"USW00094728","NY CITY CENTRAL PARK, NY US","2019-01-27",,,"0.00","0.0","0.0",,"49","32",,,,,,,,,,,
"USW00094728","NY CITY CENTRAL PARK, NY US","2019-01-28",,,"0.00","0.0","0.0",,"38","25",,,,,,,,,,,
"USW00094728","NY CITY CENTRAL PARK, NY US","2019-01-29",,,"0.23","0.0","0.0",,"43","25",,,,,,"    1",,,,,
"USW00094728","NY CITY CENTRAL PARK, NY US","2019-01-30",,,"0.01","0.4","0.0",,"35","6",,,,,,"    1",,,,,
"USW00094728","NY CITY CENTRAL PARK, NY US","2019-01-31",,,"0.00","0.0","0.0",,"16","2",,,,,,,,,,,
"USW00094728","NY CITY CENTRAL PARK, NY US","2019-02-01",,,"0.00","0.0","0.0",,"21","11",,,,,,,,,,,
"USW00094728","NY CITY CENTRAL PARK, NY US","2019-02-02",,,"0.00","0.0","0.0",,"34","16",,,,,,,,,,,
"USW00094728","NY CITY CENTRAL PARK, NY US","2019-02-03",,,"0.00","0.0","0.0",,"53","33",,,,,,,,,,,"    1"
"USW00094728","NY CITY CENTRAL PARK, NY US","2019-02-04",,,"0.00","0.0","0.0",,"61","41",,,,,,,,,,,
"USW00094728","NY CITY CENTRAL PARK, NY US","2019-02-05",,,"0.00","0.0","0.0",,"65","44",,,,,,,,,,,
"USW00094728","NY CITY CENTRAL PARK, NY US","2019-02-06",,,"0.45","0.0","0.0",,"46","35",,,,,,"    1",,,,,
"USW00094728","NY CITY CENTRAL PARK, NY US","2019-02-07",,,"0.07","0.0","0.0",,"44","39",,,,,,"    1",,,,,
"USW00094728","NY CITY CENTRAL PARK, NY US","2019-02-08",,,"0.37","0.0","0.0",,"55","32",,,,,,"    1",,,,,
"USW00094728","NY CITY CENTRAL PARK, NY US","2019-02-09",,,"0.00","0.0","0.0",,"32","23",,,,,,,,,,,
"USW00094728","NY CITY CENTRAL PARK, NY US","2019-02-10",,,"0.00","0.0","0.0",,"35","23",,,,,,,,,,,
"USW00094728","NY CITY CENTRAL PARK, NY US","2019-02-11",,,"0.00","0.0","0.0",,"38","30",,,,,,,,,,,
"USW00094728","NY CITY CENTRAL PARK, NY US","2019-02-12",,,"0.75","1.2","0.0",,"36","26",,,,,,"    1",,,,"    1",
"USW00094728","NY CITY CENTRAL PARK, NY US","2019-02-13",,,"0.08","0.0","1.2",,"41","33",,,,,,"    1",,,,,
"USW00094728","NY CITY CENTRAL PARK, NY US","2019-02-14",,,"0.00","0.0","0.0",,"46","33",,,,,,,,,,,
"USW00094728","NY CITY CENTRAL PARK, NY US","2019-02-15",,,"0.00","0.0","0.0",,"59","42",,,,,,,,,,,
"USW00094728","NY CITY CENTRAL PARK, NY US","2019-02-16",,,"0.00","0.0","0.0",,"47","32",,,,,,,,,,,
"USW00094728","NY CITY CENTRAL PARK, NY US","2019-02-17",,,"0.04","0.0","0.0",,"38","26",,,,,,"    1",,,,,
"USW00094728","NY CITY CENTRAL PARK, NY US","2019-02-18",,,"0.09","0.0","0.0",,"42","26",,,,,,"    1",,,,,
"USW00094728","NY CITY CENTRAL PARK, NY US","2019-02-19",,,"0.00","0.0","0.0",,"36","23",,,,,,,,,,,
"USW00094728","NY CITY CENTRAL PARK, NY US","2019-02-20",,,"0.57","1.3","0.0",,"33","26",,,,,,"    1","    1",,,"    1",
"USW00094728","NY CITY CENTRAL PARK, NY US","2019-02-21",,,"0.10","0.0","1.2",,"52","33",,,,,,"    1",,,,"    1",
"USW00094728","NY CITY CENTRAL PARK, NY US","2019-02-22",,,"0.00","0.0","0.0",,"44","36",,,,,,,,,,,
"USW00094728","NY CITY CENTRAL PARK, NY US","2019-02-23",,,"0.01","0.0","0.0",,"42","32",,,,,,"    1",,,,,
"USW00094728","NY CITY CENTRAL PARK, NY US","2019-02-24",,,"0.58","0.0","0.0",,"47","36",,,,,,"    1",,,,,
"USW00094728","NY CITY CENTRAL PARK, NY US","2019-02-25",,,"0.00","0.0","0.0",,"43","28",,,,,,,,,,,
"USW00094728","NY CITY CENTRAL PARK, NY US","2019-02-26",,,"0.00","0.0","0.0",,"36","25",,,,,,,,,,,
"USW00094728","NY CITY CENTRAL PARK, NY US","2019-02-27",,,"0.00","0.0","0.0",,"31","23",,,,,,,,,,,
"USW00094728","NY CITY CENTRAL PARK, NY US","2019-02-28",,,"0.03","0.1","0.0",,"37","27",,,,,,"    1",,,,,
"USW00094728","NY CITY CENTRAL PARK, NY US","2019-03-01",,,"0.11","1.4","1.2",,"35","26",,,,,,"    1","    1",,,,"    1"
"USW00094728","NY CITY CENTRAL PARK, NY US","2019-03-02",,,"0.53","4.0","3.9",,"41","31",,,,,,"    1",,,,,"    1"
"USW00094728","NY CITY CENTRAL PARK, NY US","2019-03-03",,,"0.52","3.0","1.2",,"42","33",,,,,,"    1","    1",,,,
"USW00094728","NY CITY CENTRAL PARK, NY US","2019-03-04",,,"0.29","2.0","3.9",,"38","28",,,,,,"    1","    1",,,,
"USW00094728","NY CITY CENTRAL PARK, NY US","2019-03-05",,,"0.00","0.0","2.0",,"32","20",,,,,,,,,,,
"USW00094728","NY CITY CENTRAL PARK, NY US","2019-03-06",,,"0.00","0.0","1.2",,"26","19",,,,,,,,,,,
"USW00094728","NY CITY CENTRAL PARK, NY US","2019-03-07",,,"0.00","0.0","1.2",,"32","18",,,,,,,,,,,
"USW00094728","NY CITY CENTRAL PARK, NY US","2019-03-08",,,"0.00","0.0","0.0",,"39","24",,,,,,,,,,,
"USW00094728","NY CITY CENTRAL PARK, NY US","2019-03-09",,,"0.00","0.0","0.0",,"49","34",,,,,,,,,,,
"USW00094728","NY CITY CENTRAL PARK, NY US","2019-03-10",,,"0.54","0.0","0.0",,"43","35",,,,,,"    1",,,,,"    1"
"USW00094728","NY CITY CENTRAL PARK, NY US","2019-03-11","9.17",,"0.00","0.0","0.0",,"53","39",,"  340","   20","17.0","25.9",,,,,,
"USW00094728","NY CITY CENTRAL PARK, NY US","2019-03-12","8.95",,"0.00","0.0","0.0",,"44","34",,"  290","  290","17.0","30.0",,,,,,
"USW00094728","NY CITY CENTRAL PARK, NY US","2019-03-13","2.46",,"0.00","0.0","0.0",,"49","32",,"  130","  140","8.1","15.0",,,,,,"    1"
"USW00094728","NY CITY CENTRAL PARK, NY US","2019-03-14","2.91",,"0.00","0.0","0.0",,"57","42",,"  140","  150","10.1","19.0",,,,,,
"USW00094728","NY CITY CENTRAL PARK, NY US","2019-03-15","2.24",,"0.39","0.0","0.0",,"75","49",,"  270","  230","14.1","23.0","    1",,"    1",,,
"USW00094728","NY CITY CENTRAL PARK, NY US","2019-03-16","10.07",,"0.00","0.0","0.0",,"58","37",,"  280","  280","19.9","33.1",,,,,,
"USW00094728","NY CITY CENTRAL PARK, NY US","2019-03-17","6.26",,"0.00","0.0","0.0",,"45","34",,"  280","  280","14.1","21.9",,,,,,
"USW00094728","NY CITY CENTRAL PARK, NY US","2019-03-18","2.01",,"0.00","0.0","0.0",,"46","32",,"  310","  280","10.1","19.0",,,,,,
"USW00094728","NY CITY CENTRAL PARK, NY US","2019-03-19","3.13",,"0.00","0.0","0.0",,"51","35",,"  260","  280","10.1","18.1",,,,,,
"USW00094728","NY CITY CENTRAL PARK, NY US","2019-03-20","2.91",,"0.00","0.0","0.0",,"53","37",,"  200","  180","10.1","19.9",,,,,,
"USW00094728","NY CITY CENTRAL PARK, NY US","2019-03-21","7.83",,"0.75","0.0","0.0",,"46","41",,"   50","   40","17.0","25.1","    1",,,,,
"USW00094728","NY CITY CENTRAL PARK, NY US","2019-03-22","10.74",,"0.68","0.0","0.0",,"49","38",,"   40","   40","21.0","38.9","    1",,,,,
"USW00094728","NY CITY CENTRAL PARK, NY US","2019-03-23","9.84",,"0.00","0.0","0.0",,"48","35",,"  270","  260","23.0","36.0",,,,,,
"USW00094728","NY CITY CENTRAL PARK, NY US","2019-03-24","4.47",,"0.00","0.0","0.0",,"60","38",,"  260","  260","13.0","23.0",,,,,,
"USW00094728","NY CITY CENTRAL PARK, NY US","2019-03-25","4.25",,"0.00","0.0","0.0",,"56","42",,"   20","   20","13.0","17.0",,,,,,
"USW00094728","NY CITY CENTRAL PARK, NY US","2019-03-26","7.83",,"0.00","0.0","0.0",,"49","33",,"   10","  360","16.1","25.1",,,,,,
"USW00094728","NY CITY CENTRAL PARK, NY US","2019-03-27","4.03",,"0.00","0.0","0.0",,"47","34",,"   30","   20","15.0","21.0",,,,,,
"USW00094728","NY CITY CENTRAL PARK, NY US","2019-03-28","1.57",,"0.00","0.0","0.0",,"53","37",,"  150","  150","8.9","17.0",,,,,,
"USW00094728","NY CITY CENTRAL PARK, NY US","2019-03-29","2.01",,"0.00","0.0","0.0",,"59","49",,"  250","  230","10.1","16.1",,,,,,
"USW00094728","NY CITY CENTRAL PARK, NY US","2019-03-30","3.36",,"0.00","0.0","0.0",,"70","52",,"  170","  170","8.9","19.0",,,,,,
"USW00094728","NY CITY CENTRAL PARK, NY US","2019-03-31","5.82",,"0.06","0.0","0.0",,"65","39",,"  290","  290","16.1","28.0",,,,,,"    1"
"USW00094728","NY CITY CENTRAL PARK, NY US","2019-04-01","7.16",,"0.00","0.0","0.0",,"46","33",,"  270","  310","16.1","29.1",,,,,,
"USW00094728","NY CITY CENTRAL PARK, NY US","2019-04-02","4.47",,"0.00","0.0","0.0",,"52","39",,"   50","   50","14.1","21.0",,,,,,
"USW00094728","NY CITY CENTRAL PARK, NY US","2019-04-03","7.38",,"0.00","0.0","0.0",,"67","41",,"  270","  270","21.9","38.0",,,,,,
"USW00094728","NY CITY CENTRAL PARK, NY US","2019-04-04","6.71",,"0.00","0.0","0.0",,"60","44",,"  290","  300","15.0","27.1",,,,,,
"USW00094728","NY CITY CENTRAL PARK, NY US","2019-04-05","5.82",,"0.20","0.0","0.0",,"45","38",,"   50","   60","16.1","21.9","    1",,,,,
"USW00094728","NY CITY CENTRAL PARK, NY US","2019-04-06","3.36",,"0.00","0.0","0.0",,"68","39",,"  300","  300","13.0","19.0","    1",,,,,"    1"
"USW00094728","NY CITY CENTRAL PARK, NY US","2019-04-07","1.57",,"0.00","0.0","0.0",,"66","51",,"  190","  190","8.9","19.9",,,,,,
"USW00094728","NY CITY CENTRAL PARK, NY US","2019-04-08","3.58",,"0.26","0.0","0.0",,"79","49",,"   50","  250","15.0","23.0","    1",,,,,"    1"
"USW00094728","NY CITY CENTRAL PARK, NY US","2019-04-09","2.91",,"0.03","0.0","0.0",,"51","46",,"   90","  140","10.1","17.0","    1",,"    1",,,"    1"
"USW00094728","NY CITY CENTRAL PARK, NY US","2019-04-10","6.49",,"0.00","0.0","0.0",,"60","45",,"  300","  290","14.1","25.1","    1",,,,,"    1"
"USW00094728","NY CITY CENTRAL PARK, NY US","2019-04-11","3.13",,"0.00","0.0","0.0",,"55","40",,"   20","   20","14.1","21.9",,,,,,
"USW00094728","NY CITY CENTRAL PARK, NY US","2019-04-12","3.80",,"0.63","0.0","0.0",,"68","46",,"   50","  190","8.9","16.1","    1",,,,,
"USW00094728","NY CITY CENTRAL PARK, NY US","2019-04-13","2.91",,"0.24","0.0","0.0",,"77","59",,"  260","  190","8.9","21.9","    1",,,,,"    1"
"USW00094728","NY CITY CENTRAL PARK, NY US","2019-04-14","1.57",,"0.01","0.0","0.0",,"73","60",,"  240","  170","8.9","16.1","    1",,,,,"    1"
"USW00094728","NY CITY CENTRAL PARK, NY US","2019-04-15","8.50",,"0.96","0.0","0.0",,"65","46",,"  270","  280","23.9","38.9","    1",,"    1",,,
"USW00094728","NY CITY CENTRAL PARK, NY US","2019-04-16","9.40",,"0.00","0.0","0.0",,"66","44",,"  280","  270","17.0","31.1",,,,,,
"USW00094728","NY CITY CENTRAL PARK, NY US","2019-04-17","3.13",,"0.01","0.0","0.0",,"63","48",,"   50","  190","12.1","16.1",,,,,,
"USW00094728","NY CITY CENTRAL PARK, NY US","2019-04-18","3.58",,"0.00","0.0","0.0",,"62","51",,"  130","  140","10.1","19.9",,,,,,
"USW00094728","NY CITY CENTRAL PARK, NY US","2019-04-19","3.36",,"0.01","0.0","0.0",,"80","58",,"  160","  140","8.9","18.1","    1",,,,,"    1"
"USW00094728","NY CITY CENTRAL PARK, NY US","2019-04-20","3.80",,"0.70","0.0","0.0",,"64","55",,"  160",,"6.9",,,,,,,"    1"
"USW00094728","NY CITY CENTRAL PARK, NY US","2019-04-21","3.36",,"0.00","0.0","0.0",,"66","53",,"  150","  150","10.1","19.0",,,,,,
"USW00094728","NY CITY CENTRAL PARK, NY US","2019-04-22","4.47",,"0.24","0.0","0.0",,"64","52",,"  360","   50","12.1","19.9","    1",,,,,"    1"
"USW00094728","NY CITY CENTRAL PARK, NY US","2019-04-23","2.01",,"0.08","0.0","0.0",,"77","56",,"  140","  220","8.9","16.1","    1",,,,,
"USW00094728","NY CITY CENTRAL PARK, NY US","2019-04-24","5.82",,"0.00","0.0","0.0",,"69","55",,"  300","  300","15.0","23.9",,,,,,
"USW00094728","NY CITY CENTRAL PARK, NY US","2019-04-25","3.36",,"0.02","0.0","0.0",,"66","48",,"   40","   60","10.1","16.1",,,,,,
"USW00094728","NY CITY CENTRAL PARK, NY US","2019-04-26","4.92",,"1.03","0.0","0.0",,"59","51",,"   50","  270","14.1","23.0","    1","    1",,,,
"USW00094728","NY CITY CENTRAL PARK, NY US","2019-04-27","6.93",,"0.07","0.0","0.0",,"58","47",,"  270","  290","21.0","34.0","    1",,,,,
"USW00094728","NY CITY CENTRAL PARK, NY US","2019-04-28","3.80",,"0.01","0.0","0.0",,"53","45",,"  360","  360","12.1","19.9",,,,,,
"USW00094728","NY CITY CENTRAL PARK, NY US","2019-04-29","2.68",,"0.01","0.0","0.0",,"60","41",,"  140","  160","10.1","16.1","    1",,,,,
"USW00094728","NY CITY CENTRAL PARK, NY US","2019-04-30","2.01",,"0.04","0.0","0.0",,"60","48",,"   60","   60","10.1","14.1","    1",,,,,"    1"
"USW00094728","NY CITY CENTRAL PARK, NY US","2019-05-01","2.46",,"0.00","0.0","0.0",,"56","50",,"  140","  140","8.9","16.1","    1",,,,,
"USW00094728","NY CITY CENTRAL PARK, NY US","2019-05-02","2.68",,"0.01","0.0","0.0",,"78","50",,"  130","  140","12.1","21.0","    1",,,,,"    1"
"USW00094728","NY CITY CENTRAL PARK, NY US","2019-05-03","2.46",,"0.06","0.0","0.0",,"56","50",,"   40","   90","8.9","13.0","    1",,"    1",,,"    1"
"USW00094728","NY CITY CENTRAL PARK, NY US","2019-05-04","1.12",,"0.11","0.0","0.0",,"71","53",,"   50","   80","6.9","11.0","    1",,,,,"    1"
"USW00094728","NY CITY CENTRAL PARK, NY US","2019-05-05","7.16",,"1.31","0.0","0.0",,"58","51",,"   50","   50","17.0","25.9","    1",,,,,
"USW00094728","NY CITY CENTRAL PARK, NY US","2019-05-06","4.03",,"0.00","0.0","0.0",,"74","51",,"   40","   40","13.0","19.0",,,,,,
"USW00094728","NY CITY CENTRAL PARK, NY US","2019-05-07","1.34",,"0.11","0.0","0.0",,"70","52",,"  360","  150","8.9","15.0","    1",,,,,
"USW00094728","NY CITY CENTRAL PARK, NY US","2019-05-08","4.47",,"0.00","0.0","0.0",,"71","55",,"   30","   50","10.1","17.0","    1",,,,,
"USW00094728","NY CITY CENTRAL PARK, NY US","2019-05-09","5.59",,"0.00","0.0","0.0",,"61","53",,"   50","   50","16.1","25.1",,,,,,
"USW00094728","NY CITY CENTRAL PARK, NY US","2019-05-10","1.57",,"0.04","0.0","0.0",,"73","56",,"  130","  140","10.1","21.0","    1",,,,,
"USW00094728","NY CITY CENTRAL PARK, NY US","2019-05-11","3.13",,"0.04","0.0","0.0",,"69","56",,"  280","  300","10.1","17.0","    1",,,,,
"USW00094728","NY CITY CENTRAL PARK, NY US","2019-05-12","8.50",,"1.32","0.0","0.0",,"59","43",,"   60","   50","18.1","31.1","    1",,,,,
"USW00094728","NY CITY CENTRAL PARK, NY US","2019-05-13","5.59",,"0.70","0.0","0.0",,"48","42",,"   50","   50","15.0","23.0","    1",,,,,
"USW00094728","NY CITY CENTRAL PARK, NY US","2019-05-14","2.24",,"0.30","0.0","0.0",,"52","44",,"  280","  280","8.1","13.0","    1",,,,,
"USW00094728","NY CITY CENTRAL PARK, NY US","2019-05-15","3.80",,"0.01","0.0","0.0",,"69","44",,"  250","  300","10.1","19.9","    1",,,,,
"USW00094728","NY CITY CENTRAL PARK, NY US","2019-05-16","2.68",,"0.12","0.0","0.0",,"73","52",,"  280","  270","13.0","19.0","    1",,,,,
"USW00094728","NY CITY CENTRAL PARK, NY US","2019-05-17","4.92",,"0.03","0.0","0.0",,"76","60",,"  250","  230","13.0","21.0","    1",,,,,
"USW00094728","NY CITY CENTRAL PARK, NY US","2019-05-18","2.68",,"0.00","0.0","0.0",,"75","56",,"  140","  140","8.9","16.1",,,,,,
"USW00094728","NY CITY CENTRAL PARK, NY US","2019-05-19","2.91",,"0.06","0.0","0.0",,"76","60",,"  140","  150","12.1","21.9","    1",,"    1",,,
"USW00094728","NY CITY CENTRAL PARK, NY US","2019-05-20","5.37",,"0.00","0.0","0.0",,"85","66",,"  240","  210","18.1","32.0","    1",,"    1",,,
"USW00094728","NY CITY CENTRAL PARK, NY US","2019-05-21","5.82",,"0.00","0.0","0.0",,"71","56",,"  290","  300","15.0","29.1",,,,,,
"USW00094728","NY CITY CENTRAL PARK, NY US","2019-05-22","4.25",,"0.00","0.0","0.0",,"74","54",,"   50","   70","13.0","17.0",,,,,,
"USW00094728","NY CITY CENTRAL PARK, NY US","2019-05-23","4.03",,"0.48","0.0","0.0",,"72","55",,"  240","  230","14.1","19.9","    1",,,,,
"USW00094728","NY CITY CENTRAL PARK, NY US","2019-05-24","7.61",,"0.00","0.0","0.0",,"73","61",,"  300","  320","18.1","32.0",,,,,,
"USW00094728","NY CITY CENTRAL PARK, NY US","2019-05-25","4.03",,"0.00","0.0","0.0",,"71","55",,"  150","  150","12.1","21.9",,,,,,
"USW00094728","NY CITY CENTRAL PARK, NY US","2019-05-26","4.25",,"0.20","0.0","0.0",,"86","59",,"  280","  260","12.1","19.0","    1",,"    1",,,"    1"
"USW00094728","NY CITY CENTRAL PARK, NY US","2019-05-27","3.58",,"0.00","0.0","0.0",,"80","64",,"   40","   70","13.0","17.0",,,,,,
"USW00094728","NY CITY CENTRAL PARK, NY US","2019-05-28","4.25",,"0.17","0.0","0.0",,"71","62",,"   60","  150","12.1","18.1","    1",,"    1",,,
"USW00094728","NY CITY CENTRAL PARK, NY US","2019-05-29","4.70",,"0.80","0.0","0.0",,"70","56",,"   90","  110","12.1","18.1","    1",,"    1",,,"    1"
"USW00094728","NY CITY CENTRAL PARK, NY US","2019-05-30","2.01",,"0.95","0.0","0.0",,"70","57",,"  140","  160","8.9","15.0","    1",,"    1",,,"    1"
"USW00094728","NY CITY CENTRAL PARK, NY US","2019-05-31","2.68",,"0.00","0.0","0.0",,"80","63",,"  250","  290","10.1","15.0","    1",,,,,
"USW00094728","NY CITY CENTRAL PARK, NY US","2019-06-01","2.68",,"0.00","0.0","0.0",,"80","63",,"  150","  150","8.9","16.1",,,,,,"    1"
"USW00094728","NY CITY CENTRAL PARK, NY US","2019-06-02","3.80",,"0.86","0.0","0.0",,"81","61",,"  260","  220","12.1","25.1","    1","    1","    1",,,"    1"
"USW00094728","NY CITY CENTRAL PARK, NY US","2019-06-03","5.37",,"0.00","0.0","0.0",,"70","58",,"  280","  270","15.0","23.9",,,,,,
"USW00094728","NY CITY CENTRAL PARK, NY US","2019-06-04","3.80",,"0.00","0.0","0.0",,"70","54",,"  250","  240","12.1","23.0",,,,,,
"USW00094728","NY CITY CENTRAL PARK, NY US","2019-06-05","4.47",,"0.00","0.0","0.0",,"81","64",,"  230","  240","14.1","25.9",,,,,,
"USW00094728","NY CITY CENTRAL PARK, NY US","2019-06-06","4.70",,"0.04","0.0","0.0",,"83","68",,"   50","  270","12.1","21.0","    1",,,,,
"USW00094728","NY CITY CENTRAL PARK, NY US","2019-06-07","2.24",,"0.00","0.0","0.0",,"81","66",,"   60","   20","8.1","13.0",,,,,,"    1"
"USW00094728","NY CITY CENTRAL PARK, NY US","2019-06-08","6.26",,"0.00","0.0","0.0",,"81","63",,"   50","   60","16.1","25.1","    1",,,,,"    1"
"USW00094728","NY CITY CENTRAL PARK, NY US","2019-06-09","6.49",,"0.00","0.0","0.0",,"78","60",,"   60","  130","14.1","19.9",,,,,,
"USW00094728","NY CITY CENTRAL PARK, NY US","2019-06-10","6.71",,"0.62","0.0","0.0",,"70","60",,"   50","   50","15.0","19.9","    1",,,,,
"USW00094728","NY CITY CENTRAL PARK, NY US","2019-06-11","6.26",,"0.45","0.0","0.0",,"77","63",,"  300","  280","15.0","25.9","    1",,,,,
"USW00094728","NY CITY CENTRAL PARK, NY US","2019-06-12","4.03",,"0.00","0.0","0.0",,"74","59",,"  140","  160","12.1","19.9",,,,,,
"USW00094728","NY CITY CENTRAL PARK, NY US","2019-06-13","5.82",,"0.60","0.0","0.0",,"65","55",,"   50","   50","21.9","31.1","    1",,,,,
"USW00094728","NY CITY CENTRAL PARK, NY US","2019-06-14","6.04",,"0.00","0.0","0.0",,"73","58",,"  270","  290","17.0","25.9","    1",,,,,
"USW00094728","NY CITY CENTRAL PARK, NY US","2019-06-15","4.47",,"0.00","0.0","0.0",,"81","60",,"  220","  220","15.0","25.1",,,,,,
"USW00094728","NY CITY CENTRAL PARK, NY US","2019-06-16","5.14",,"0.04","0.0","0.0",,"80","65",,"  230","  220","15.0","23.0",,,,,,
"USW00094728","NY CITY CENTRAL PARK, NY US","2019-06-17","1.34",,"0.00","0.0","0.0",,"76","69",,"   30","   40","10.1","17.0",,,,,,
"USW00094728","NY CITY CENTRAL PARK, NY US","2019-06-18","1.79",,"0.79","0.0","0.0",,"73","67",,"   60","  160","10.1","14.1","    1",,,,,
"USW00094728","NY CITY CENTRAL PARK, NY US","2019-06-19","2.91",,"0.11","0.0","0.0",,"71","66",,"   70","  140","8.1","13.0","    1",,,,,"    1"
"USW00094728","NY CITY CENTRAL PARK, NY US","2019-06-20","3.13",,"0.42","0.0","0.0",,"78","65",,"  240","  230","8.1","14.1","    1",,"    1",,,"    1"
"USW00094728","NY CITY CENTRAL PARK, NY US","2019-06-21","5.14",,"0.53","0.0","0.0",,"77","65",,"  300","  290","15.0","25.1","    1",,,,,"    1"
"USW00094728","NY CITY CENTRAL PARK, NY US","2019-06-22","5.59",,"0.00","0.0","0.0",,"79","61",,"  300","  300","15.0","23.9",,,,,,"    1"
"USW00094728","NY CITY CENTRAL PARK, NY US","2019-06-23","4.70",,"0.00","0.0","0.0",,"83","64",,"  280","  210","12.1","19.9",,,,,,
"USW00094728","NY CITY CENTRAL PARK, NY US","2019-06-24","1.79",,"0.00","0.0","0.0",,"84","67",,"  200","  230","8.1","17.0",,,,,,
"USW00094728","NY CITY CENTRAL PARK, NY US","2019-06-25","2.01",,"0.86","0.0","0.0",,"84","72",,"  270","  250","8.1","12.1","    1","    1","    1",,,"    1"
"USW00094728","NY CITY CENTRAL PARK, NY US","2019-06-26","3.13",,"0.00","0.0","0.0",,"87","72",,"  250","  220","8.9","15.0","    1",,,,,
"USW00094728","NY CITY CENTRAL PARK, NY US","2019-06-27","2.68",,"0.00","0.0","0.0",,"89","71",,"  230","  300","10.1","19.0",,,,,,
"USW00094728","NY CITY CENTRAL PARK, NY US","2019-06-28","2.46",,"0.00","0.0","0.0",,"89","73",,"  210","  220","10.1","15.0",,,,,,
"USW00094728","NY CITY CENTRAL PARK, NY US","2019-06-29","4.70",,"0.08","0.0","0.0",,"91","72",,"  230","  220","14.1","21.9","    1",,"    1",,,
"USW00094728","NY CITY CENTRAL PARK, NY US","2019-06-30","5.14",,"0.06","0.0","0.0",,"83","69",,"  330","  360","21.0","36.9",,,,,,
"USW00094728","NY CITY CENTRAL PARK, NY US","2019-07-01","4.47",,"0.00","0.0","0.0",,"85","65",,"  280","   60","10.1","15.0",,,,,,"    1"
"USW00094728","NY CITY CENTRAL PARK, NY US","2019-07-02","2.46",,"0.02","0.0","0.0",,"85","71",,"  270","  330","8.9","14.1",,,,,,
"USW00094728","NY CITY CENTRAL PARK, NY US","2019-07-03","1.79",,"0.00","0.0","0.0",,"87","75",,"   60","   70","10.1","13.0",,,,,,
"USW00094728","NY CITY CENTRAL PARK, NY US","2019-07-04","2.68",,"0.00","0.0","0.0",,"90","74",,"  150","  160","13.0","21.0",,,,,,"    1"
"USW00094728","NY CITY CENTRAL PARK, NY US","2019-07-05","2.91",,"0.00","0.0","0.0",,"86","72",,"  140","  150","8.9","17.0","    1",,,,,"    1"
"USW00094728","NY CITY CENTRAL PARK, NY US","2019-07-06","3.36",,"0.00","0.0","0.0",,"90","76",,"  220","  230","10.1","17.0",,,"    1",,,
"USW00094728","NY CITY CENTRAL PARK, NY US","2019-07-07","4.92",,"0.00","0.0","0.0",,"86","72",,"   50","   50","15.0","23.0",,,,,,
"USW00094728","NY CITY CENTRAL PARK, NY US","2019-07-08","2.68",,"0.04","0.0","0.0",,"78","68",,"   50","   70","8.1","11.0","    1",,,,,
"USW00094728","NY CITY CENTRAL PARK, NY US","2019-07-09","2.68",,"0.00","0.0","0.0",,"87","69",,"  240","  250","10.1","14.1","    1",,,,,"    1"
"USW00094728","NY CITY CENTRAL PARK, NY US","2019-07-10","2.46",,"0.00","0.0","0.0",,"88","74",,"  240","  230","12.1","18.1",,,,,,
"USW00094728","NY CITY CENTRAL PARK, NY US","2019-07-11","4.47",,"0.79","0.0","0.0",,"87","73",,"  150","  130","12.1","21.0","    1",,"    1",,,
"USW00094728","NY CITY CENTRAL PARK, NY US","2019-07-12","5.14",,"0.00","0.0","0.0",,"87","72",,"  300","  300","12.1","21.0","    1",,,,,
"USW00094728","NY CITY CENTRAL PARK, NY US","2019-07-13","3.80",,"0.00","0.0","0.0",,"85","70",,"  280","  310","10.1","19.0",,,,,,
"USW00094728","NY CITY CENTRAL PARK, NY US","2019-07-14","4.92",,"0.00","0.0","0.0",,"89","76",,"  270","  260","13.0","21.9",,,,,,
"USW00094728","NY CITY CENTRAL PARK, NY US","2019-07-15","2.91",,"0.00","0.0","0.0",,"85","68",,"  290","  290","8.9","15.0",,,,,,
"USW00094728","NY CITY CENTRAL PARK, NY US","2019-07-16","2.91",,"0.00","0.0","0.0",,"91","72",,"  230","  230","10.1","18.1",,,,,,
"USW00094728","NY CITY CENTRAL PARK, NY US","2019-07-17","3.58",,"1.82","0.0","0.0",,"93","73",,"  290","  300","14.1","27.1","    1",,"    1",,,
"USW00094728","NY CITY CENTRAL PARK, NY US","2019-07-18","4.92",,"0.51","0.0","0.0",,"79","71",,"   50","   50","15.0","19.9","    1",,,,,
"USW00094728","NY CITY CENTRAL PARK, NY US","2019-07-19","3.58",,"0.00","0.0","0.0",,"91","71",,"  240","  230","13.0","21.0",,,,,,
"USW00094728","NY CITY CENTRAL PARK, NY US","2019-07-20","4.25",,"0.00","0.0","0.0",,"95","82",,"  230","  240","13.0","21.0",,,,,,
"USW00094728","NY CITY CENTRAL PARK, NY US","2019-07-21","4.47",,"0.00","0.0","0.0",,"95","80",,"  280","  240","14.1","21.0",,,"    1",,,
"USW00094728","NY CITY CENTRAL PARK, NY US","2019-07-22","2.68",,"1.66","0.0","0.0",,"90","72",,"   10","  340","14.1","25.1","    1","    1","    1",,,
"USW00094728","NY CITY CENTRAL PARK, NY US","2019-07-23","4.03",,"0.53","0.0","0.0",,"74","67",,"  360","   10","12.1","17.0","    1",,,,,
"USW00094728","NY CITY CENTRAL PARK, NY US","2019-07-24","2.91",,"0.02","0.0","0.0",,"83","67",,"   60","   50","12.1","15.0","    1",,,,,
"USW00094728","NY CITY CENTRAL PARK, NY US","2019-07-25","1.79",,"0.00","0.0","0.0",,"84","70",,"   50","   50","10.1","14.1",,,,,,
"USW00094728","NY CITY CENTRAL PARK, NY US","2019-07-26","1.57",,"0.00","0.0","0.0",,"88","69",,"   50","   50","8.9","13.0",,,,,,
"USW00094728","NY CITY CENTRAL PARK, NY US","2019-07-27","2.91",,"0.00","0.0","0.0",,"85","72",,"  220","  220","12.1","19.0",,,,,,
"USW00094728","NY CITY CENTRAL PARK, NY US","2019-07-28","5.37",,"0.01","0.0","0.0",,"88","71",,"  280","  290","13.0","25.1","    1",,,,,
"USW00094728","NY CITY CENTRAL PARK, NY US","2019-07-29","4.47",,"0.00","0.0","0.0",,"90","73",,"  250","  250","12.1","17.0",,,,,,
"USW00094728","NY CITY CENTRAL PARK, NY US","2019-07-30","3.36",,"0.01","0.0","0.0",,"92","78",,"  230","  220","12.1","19.0",,,"    1",,,
"USW00094728","NY CITY CENTRAL PARK, NY US","2019-07-31","2.91",,"0.36","0.0","0.0",,"87","70",,"  280","  250","14.1","21.0","    1",,"    1",,,
"USW00094728","NY CITY CENTRAL PARK, NY US","2019-08-01","2.24",,"0.00","0.0","0.0",,"87","70",,"   20","   30","8.9","14.1","    1",,,,,
"USW00094728","NY CITY CENTRAL PARK, NY US","2019-08-02","3.58",,"0.00","0.0","0.0",,"84","73",,"  140","  160","8.9","16.1",,,,,,
"USW00094728","NY CITY CENTRAL PARK, NY US","2019-08-03","3.58",,"0.21","0.0","0.0",,"86","68",,"  360","  340","18.1","25.9","    1",,"    1",,,
"USW00094728","NY CITY CENTRAL PARK, NY US","2019-08-04","2.68",,"0.00","0.0","0.0",,"87","69",,"   40","   30","12.1","19.0","    1",,,,,
"USW00094728","NY CITY CENTRAL PARK, NY US","2019-08-05","4.47",,"0.00","0.0","0.0",,"82","70",,"  120","  150","13.0","21.9",,,,,,
"USW00094728","NY CITY CENTRAL PARK, NY US","2019-08-06","3.13",,"0.04","0.0","0.0",,"79","71",,"  140","  140","8.9","14.1","    1",,,,,"    1"
"USW00094728","NY CITY CENTRAL PARK, NY US","2019-08-07","2.68",,"1.18","0.0","0.0",,"84","69",,"  270","  250","13.0","23.0","    1","    1","    1",,,
"USW00094728","NY CITY CENTRAL PARK, NY US","2019-08-08","4.70",,"0.20","0.0","0.0",,"84","67",,"  300","  300","16.1","30.0","    1",,"    1",,,"    1"
"USW00094728","NY CITY CENTRAL PARK, NY US","2019-08-09","3.58",,"0.08","0.0","0.0",,"83","68",,"  300","  320","14.1","23.0","    1",,"    1",,,
"USW00094728","NY CITY CENTRAL PARK, NY US","2019-08-10","5.14",,"0.00","0.0","0.0",,"81","66",,"  280","  270","14.1","25.9",,,,,,
"USW00094728","NY CITY CENTRAL PARK, NY US","2019-08-11","3.13",,"0.00","0.0","0.0",,"80","63",,"  270","  250","12.1","21.0",,,,,,
"USW00094728","NY CITY CENTRAL PARK, NY US","2019-08-12","3.58",,"0.00","0.0","0.0",,"85","68",,"  230","  210","12.1","17.0",,,,,,
"USW00094728","NY CITY CENTRAL PARK, NY US","2019-08-13","3.58",,"0.07","0.0","0.0",,"79","71",,"  230","  240","10.1","18.1","    1",,,,,
"USW00094728","NY CITY CENTRAL PARK, NY US","2019-08-14","3.58",,"0.00","0.0","0.0",,"84","73",,"   30","   70","10.1","15.0","    1",,,,,"    1"
"USW00094728","NY CITY CENTRAL PARK, NY US","2019-08-15","4.03",,"0.00","0.0","0.0",,"85","70",,"   50","  150","10.1","17.0","    1",,,,,"    1"
"USW00094728","NY CITY CENTRAL PARK, NY US","2019-08-16","2.68",,"0.00","0.0","0.0",,"79","68",,"   50","  130","8.9","21.9",,,,,,
"USW00094728","NY CITY CENTRAL PARK, NY US","2019-08-17","3.36",,"0.00","0.0","0.0",,"87","73",,"   70","   40","8.9","17.0","    1",,,,,
"USW00094728","NY CITY CENTRAL PARK, NY US","2019-08-18","2.24",,"0.64","0.0","0.0",,"90","70",,"  240","  230","15.0","23.9","    1",,,,,"    1"
"USW00094728","NY CITY CENTRAL PARK, NY US","2019-08-19","2.91",,"0.00","0.0","0.0",,"90","72",,"  120","  150","13.0","19.9",,,"    1",,,
"USW00094728","NY CITY CENTRAL PARK, NY US","2019-08-20","2.91",,"0.00","0.0","0.0",,"88","75",,"  140","  140","8.9","15.0",,,,,,
"USW00094728","NY CITY CENTRAL PARK, NY US","2019-08-21","2.91",,"0.10","0.0","0.0",,"87","74",,"  240","  250","12.1","19.0","    1",,"    1",,,"    1"
"USW00094728","NY CITY CENTRAL PARK, NY US","2019-08-22","3.80",,"1.01","0.0","0.0",,"90","71",,"  290","  280","19.9","36.0","    1",,"    1",,,"    1"
"USW00094728","NY CITY CENTRAL PARK, NY US","2019-08-23","3.36",,"0.09","0.0","0.0",,"74","65",,"  360","   10","8.9","13.0","    1",,,,,
"USW00094728","NY CITY CENTRAL PARK, NY US","2019-08-24","5.14",,"0.00","0.0","0.0",,"76","64",,"   50","   40","14.1","21.0",,,,,,
"USW00094728","NY CITY CENTRAL PARK, NY US","2019-08-25","8.95",,"0.00","0.0","0.0",,"77","63",,"   50","   50","17.0","25.9",,,,,,
"USW00094728","NY CITY CENTRAL PARK, NY US","2019-08-26","6.26",,"0.00","0.0","0.0",,"74","61",,"   50","   50","15.0","21.0",,,,,,
"USW00094728","NY CITY CENTRAL PARK, NY US","2019-08-27","3.13",,"0.00","0.0","0.0",,"75","62",,"  190","  230","8.1","14.1",,,,,,
"USW00094728","NY CITY CENTRAL PARK, NY US","2019-08-28","3.80",,"0.08","0.0","0.0",,"74","67",,"   60","   40","10.1","15.0","    1",,,,,"    1"
"USW00094728","NY CITY CENTRAL PARK, NY US","2019-08-29","4.03",,"0.00","0.0","0.0",,"81","65",,"  280","  290","14.1","21.9",,,,,,
"USW00094728","NY CITY CENTRAL PARK, NY US","2019-08-30","4.03",,"0.00","0.0","0.0",,"86","67",,"  220","  240","15.0","23.0",,,,,,
"USW00094728","NY CITY CENTRAL PARK, NY US","2019-08-31","5.82",,"0.00","0.0","0.0",,"81","69",,"   50","   40","13.0","19.0",,,,,,
"USW00094728","NY CITY CENTRAL PARK, NY US","2019-09-01","4.47",,"0.00","0.0","0.0",,"78","63",,"   50","  160","12.1","15.0",,,,,,
"USW00094728","NY CITY CENTRAL PARK, NY US","2019-09-02","2.46",,"0.30","0.0","0.0",,"74","69",,"  150","  140","8.9","17.0","    1",,"    1",,,
"USW00094728","NY CITY CENTRAL PARK, NY US","2019-09-03","3.36",,"0.00","0.0","0.0",,"82","67",,"   50","  140","8.9","14.1",,,,,,
"USW00094728","NY CITY CENTRAL PARK, NY US","2019-09-04","3.80",,"0.00","0.0","0.0",,"87","68",,"  350","  230","12.1","19.0",,,"    1",,,
"USW00094728","NY CITY CENTRAL PARK, NY US","2019-09-05","5.14",,"0.00","0.0","0.0",,"74","65",,"   40","   60","15.0","23.9",,,,,,
"USW00094728","NY CITY CENTRAL PARK, NY US","2019-09-06","8.28",,"0.32","0.0","0.0",,"67","58",,"   60","   60","19.9","29.1","    1",,,,,"    1"
"USW00094728","NY CITY CENTRAL PARK, NY US","2019-09-07","4.47",,"0.02","0.0","0.0",,"75","56",,"  340","  320","14.1","23.0","    1",,,,,
"USW00094728","NY CITY CENTRAL PARK, NY US","2019-09-08","2.24",,"0.00","0.0","0.0",,"77","63",,"   50","   40","13.0","15.0",,,,,,
"USW00094728","NY CITY CENTRAL PARK, NY US","2019-09-09","4.47",,"0.00","0.0","0.0",,"78","64",,"   50","   50","12.1","15.0",,,,,,
"USW00094728","NY CITY CENTRAL PARK, NY US","2019-09-10","2.91",,"0.01","0.0","0.0",,"76","66",,"  180","  210","12.1","21.0","    1",,,,,
"USW00094728","NY CITY CENTRAL PARK, NY US","2019-09-11","5.14",,"0.00","0.0","0.0",,"88","69",,"  240","  270","13.0","21.0",,,,,,
"USW00094728","NY CITY CENTRAL PARK, NY US","2019-09-12","4.92",,"0.17","0.0","0.0",,"81","61",,"   60","   40","14.1","19.0","    1",,,,,"    1"
"USW00094728","NY CITY CENTRAL PARK, NY US","2019-09-13","6.49",,"0.00","0.0","0.0",,"72","57",,"   50","   50","16.1","21.0",,,,,,
"USW00094728","NY CITY CENTRAL PARK, NY US","2019-09-14","2.91",,"0.00","0.0","0.0",,"74","61",,"  160","  150","8.9","18.1",,,,,,
"USW00094728","NY CITY CENTRAL PARK, NY US","2019-09-15","2.24",,"0.00","0.0","0.0",,"82","68",,"  280","  270","8.9","14.1",,,,,,
"USW00094728","NY CITY CENTRAL PARK, NY US","2019-09-16","2.01",,"0.00","0.0","0.0",,"77","68",,"   60","   60","12.1","15.0",,,,,,
"USW00094728","NY CITY CENTRAL PARK, NY US","2019-09-17","5.59",,"0.00","0.0","0.0",,"76","62",,"   50","   40","16.1","21.9",,,,,,
"USW00094728","NY CITY CENTRAL PARK, NY US","2019-09-18","6.49",,"0.00","0.0","0.0",,"69","57",,"   50","   60","13.0","18.1",,,,,,
"USW00094728","NY CITY CENTRAL PARK, NY US","2019-09-19","2.91",,"0.00","0.0","0.0",,"70","52",,"   40","   40","8.9","13.0",,,,,,
"USW00094728","NY CITY CENTRAL PARK, NY US","2019-09-20","4.70",,"0.00","0.0","0.0",,"78","56",,"  270","  260","10.1","17.0",,,,,,
"USW00094728","NY CITY CENTRAL PARK, NY US","2019-09-21","2.68",,"0.00","0.0","0.0",,"84","61",,"  240","  220","6.9","13.0",,,,,,
"USW00094728","NY CITY CENTRAL PARK, NY US","2019-09-22","3.58",,"0.00","0.0","0.0",,"86","67",,"  220","  220","10.1","17.0",,,,,,"    1"
"USW00094728","NY CITY CENTRAL PARK, NY US","2019-09-23","5.37",,"0.11","0.0","0.0",,"89","70",,"  280","  240","13.0","21.9","    1",,,,,
"USW00094728","NY CITY CENTRAL PARK, NY US","2019-09-24","5.82",,"0.00","0.0","0.0",,"76","63",,"  280","  270","15.0","23.0",,,,,,
"USW00094728","NY CITY CENTRAL PARK, NY US","2019-09-25","3.36",,"0.00","0.0","0.0",,"79","58",,"  250","  270","8.9","15.0",,,,,,
"USW00094728","NY CITY CENTRAL PARK, NY US","2019-09-26","3.58",,"0.02","0.0","0.0",,"83","63",,"  300","  300","15.0","25.1","    1",,,,,
"USW00094728","NY CITY CENTRAL PARK, NY US","2019-09-27","3.58",,"0.00","0.0","0.0",,"76","59",,"  140","  160","10.1","17.0",,,,,,
"USW00094728","NY CITY CENTRAL PARK, NY US","2019-09-28","2.91",,"0.00","0.0","0.0",,"82","65",,"  220","  210","8.9","15.0",,,,,,
"USW00094728","NY CITY CENTRAL PARK, NY US","2019-09-29","6.26",,"0.00","0.0","0.0",,"80","65",,"   60","   20","14.1","23.9",,,,,,
"USW00094728","NY CITY CENTRAL PARK, NY US","2019-09-30","6.93",,"0.00","0.0","0.0",,"71","60",,"   50","   60","14.1","21.0",,,,,,
"USW00094728","NY CITY CENTRAL PARK, NY US","2019-10-01","3.80",,"0.00","0.0","0.0",,"81","63",,"  220","  220","13.0","23.9",,,,,,
"USW00094728","NY CITY CENTRAL PARK, NY US","2019-10-02","6.49",,"0.03","0.0","0.0",,"93","63",,"  240","  230","14.1","21.9","    1",,,,,
"USW00094728","NY CITY CENTRAL PARK, NY US","2019-10-03","6.26",,"0.34","0.0","0.0",,"63","53",,"   50","   30","15.0","23.0","    1",,,,,
"USW00094728","NY CITY CENTRAL PARK, NY US","2019-10-04","6.93",,"0.00","0.0","0.0",,"66","50",,"   40","   50","18.1","28.0","    1",,,,,
"USW00094728","NY CITY CENTRAL PARK, NY US","2019-10-05","4.92",,"0.00","0.0","0.0",,"61","45",,"   30","   20","13.0","21.9",,,,,,
"USW00094728","NY CITY CENTRAL PARK, NY US","2019-10-06","2.91",,"0.01","0.0","0.0",,"70","57",,"  160","  200","10.1","19.0",,,,,,
"USW00094728","NY CITY CENTRAL PARK, NY US","2019-10-07","4.03",,"0.20","0.0","0.0",,"79","59",,"  260","  230","13.0","21.9","    1",,,,,
"USW00094728","NY CITY CENTRAL PARK, NY US","2019-10-08","7.83",,"0.02","0.0","0.0",,"64","57",,"   50","   40","16.1","25.9","    1",,,,,
"USW00094728","NY CITY CENTRAL PARK, NY US","2019-10-09","10.51",,"0.54","0.0","0.0",,"59","51",,"   40","   30","17.0","25.9","    1",,,,,
"USW00094728","NY CITY CENTRAL PARK, NY US","2019-10-10","9.62",,"0.00","0.0","0.0",,"71","53",,"   60","   50","17.0","28.0",,,,,,
"USW00094728","NY CITY CENTRAL PARK, NY US","2019-10-11","9.17",,"0.00","0.0","0.0",,"64","55",,"   50","   50","19.9","29.1",,,,,,
"USW00094728","NY CITY CENTRAL PARK, NY US","2019-10-12","3.58",,"0.00","0.0","0.0",,"67","55",,"   40","   20","12.1","16.1",,,,,,
"USW00094728","NY CITY CENTRAL PARK, NY US","2019-10-13","2.01",,"0.00","0.0","0.0",,"67","53",,"   50","  280","8.1","12.1",,,,,,
"USW00094728","NY CITY CENTRAL PARK, NY US","2019-10-14","4.03",,"0.00","0.0","0.0",,"72","58",,"  240","  230","15.0","23.0",,,,,,
"USW00094728","NY CITY CENTRAL PARK, NY US","2019-10-15","2.91",,"0.00","0.0","0.0",,"64","51",,"   50","   50","8.9","13.0",,,,,,
"USW00094728","NY CITY CENTRAL PARK, NY US","2019-10-16","6.49",,"1.83","0.0","0.0",,"66","52",,"  280","  270","21.0","38.9","    1",,,,,
"USW00094728","NY CITY CENTRAL PARK, NY US","2019-10-17","11.63",,"0.00","0.0","0.0",,"57","51",,"  270","  270","23.0","40.9",,,,,,
"USW00094728","NY CITY CENTRAL PARK, NY US","2019-10-18","8.72",,"0.00","0.0","0.0",,"58","47",,"  300","  290","17.0","31.1",,,,,,
"USW00094728","NY CITY CENTRAL PARK, NY US","2019-10-19","2.68",,"0.00","0.0","0.0",,"60","43",,"  240","  240","8.9","13.0",,,,,,
"USW00094728","NY CITY CENTRAL PARK, NY US","2019-10-20","4.47",,"0.54","0.0","0.0",,"59","49",,"   40","   50","14.1","19.0","    1",,,,,
"USW00094728","NY CITY CENTRAL PARK, NY US","2019-10-21","4.03",,"0.00","0.0","0.0",,"67","51",,"   40","   20","12.1","18.1",,,,,,
"USW00094728","NY CITY CENTRAL PARK, NY US","2019-10-22","4.47",,"0.57","0.0","0.0",,"63","55",,"  140","  140","13.0","21.9","    1",,,,,"    1"
"USW00094728","NY CITY CENTRAL PARK, NY US","2019-10-23","6.26",,"0.01","0.0","0.0",,"65","54",,"  280","  280","15.0","23.0","    1",,,,,
"USW00094728","NY CITY CENTRAL PARK, NY US","2019-10-24","3.13",,"0.00","0.0","0.0",,"67","50",,"  250","  230","12.1","21.0",,,,,,
"USW00094728","NY CITY CENTRAL PARK, NY US","2019-10-25","2.91",,"0.00","0.0","0.0",,"65","52",,"  240","  230","10.1","17.0",,,,,,
"USW00094728","NY CITY CENTRAL PARK, NY US","2019-10-26","3.36",,"0.01","0.0","0.0",,"63","52",,"   40","   40","12.1","17.0",,,,,,
"USW00094728","NY CITY CENTRAL PARK, NY US","2019-10-27","4.92",,"1.38","0.0","0.0",,"67","55",,"  140","  120","14.1","25.1","    1",,,,,
"USW00094728","NY CITY CENTRAL PARK, NY US","2019-10-28","3.58",,"0.00","0.0","0.0",,"63","55",,"   40","   40","13.0","18.1","    1",,,,,"    1"
"USW00094728","NY CITY CENTRAL PARK, NY US","2019-10-29","4.03",,"0.07","0.0","0.0",,"59","54",,"   70","  120","8.9","14.1","    1",,,,,
"USW00094728","NY CITY CENTRAL PARK, NY US","2019-10-30","3.13",,"0.06","0.0","0.0",,"63","58",,"   60","   40","10.1","15.0","    1",,,,,
"USW00094728","NY CITY CENTRAL PARK, NY US","2019-10-31","5.14",,"0.54","0.0","0.0",,"71","60",,"  240","  140","15.0","28.0","    1",,,,,
"USW00094728","NY CITY CENTRAL PARK, NY US","2019-11-01","9.40",,"0.11","0.0","0.0",,"71","42",,"  280","  280","21.9","35.1","    1",,,,,
"USW00094728","NY CITY CENTRAL PARK, NY US","2019-11-02","3.80",,"0.00","0.0","0.0",,"53","40",,"  280","  280","10.1","17.0",,,,,,
"USW00094728","NY CITY CENTRAL PARK, NY US","2019-11-03","4.92",,"0.00","0.0","0.0",,"54","42",,"  280","  290","13.0","18.1",,,,,,
"USW00094728","NY CITY CENTRAL PARK, NY US","2019-11-04","3.13",,"0.00","0.0","0.0",,"56","41",,"  150","  180","13.0","21.0",,,,,,
"USW00094728","NY CITY CENTRAL PARK, NY US","2019-11-05","2.91",,"0.00","0.0","0.0",,"61","51",,"  280","  240","10.1","18.1",,,,,,
"USW00094728","NY CITY CENTRAL PARK, NY US","2019-11-06","4.92",,"0.00","0.0","0.0",,"54","45",,"  250","  300","12.1","18.1",,,,,,
"USW00094728","NY CITY CENTRAL PARK, NY US","2019-11-07","4.70",,"0.10","0.0","0.0",,"57","41",,"  220","  230","13.0","19.0","    1",,,,,
"USW00094728","NY CITY CENTRAL PARK, NY US","2019-11-08","7.61",,"0.00","0.0","0.0",,"41","29",,"  300","  300","18.1","30.0",,,,,,
"USW00094728","NY CITY CENTRAL PARK, NY US","2019-11-09","3.13",,"0.00","0.0","0.0",,"41","27",,"  230","  210","12.1","21.0",,,,,,
"USW00094728","NY CITY CENTRAL PARK, NY US","2019-11-10","3.80",,"0.00","0.0","0.0",,"51","38",,"  240","  210","14.1","21.0",,,,,,
"USW00094728","NY CITY CENTRAL PARK, NY US","2019-11-11","2.46",,"0.00","0.0","0.0",,"62","46",,"  140","  270","10.1","21.9",,,,,,
"USW00094728","NY CITY CENTRAL PARK, NY US","2019-11-12","9.40",,"0.04","0.0","0.0",,"57","25",,"  290","  310","17.0","29.1","    1",,,,,
"USW00094728","NY CITY CENTRAL PARK, NY US","2019-11-13","5.37",,"0.00","0.0","0.0",,"34","23",,"  300","  300","18.1","29.1",,,,,,
"USW00094728","NY CITY CENTRAL PARK, NY US","2019-11-14","4.25",,"0.00","0.0","0.0",,"45","28",,"  260","  230","12.1","19.9",,,,,,
"USW00094728","NY CITY CENTRAL PARK, NY US","2019-11-15","4.25",,"0.00","0.0","0.0",,"51","37",,"  300","  290","12.1","18.1",,,,,,
"USW00094728","NY CITY CENTRAL PARK, NY US","2019-11-16","10.29",,"0.00","0.0","0.0",,"42","31",,"   60","   50","19.9","32.0",,,,,,
"USW00094728","NY CITY CENTRAL PARK, NY US","2019-11-17","10.51",,"0.00","0.0","0.0",,"43","30",,"   50","   60","19.9","28.0",,,,,,
"USW00094728","NY CITY CENTRAL PARK, NY US","2019-11-18","6.04",,"0.48","0.0","0.0",,"42","37",,"   40","   50","15.0","23.0","    1",,,,,"    1"
"USW00094728","NY CITY CENTRAL PARK, NY US","2019-11-19","4.47",,"0.18","0.0","0.0",,"48","40",,"  360","  270","12.1","16.1","    1",,,,,
"USW00094728","NY CITY CENTRAL PARK, NY US","2019-11-20","5.14",,"0.00","0.0","0.0",,"49","40",,"  300","  300","16.1","25.1",,,,,,
"USW00094728","NY CITY CENTRAL PARK, NY US","2019-11-21","4.47",,"0.00","0.0","0.0",,"53","39",,"  220","  210","12.1","19.0",,,,,,
"USW00094728","NY CITY CENTRAL PARK, NY US","2019-11-22","7.38",,"0.07","0.0","0.0",,"53","38",,"  310","  270","18.1","34.0","    1",,,,,
"USW00094728","NY CITY CENTRAL PARK, NY US","2019-11-23","4.25",,"0.03","0.0","0.0",,"45","34",,"  270","  280","12.1","18.1",,,,,,
"USW00094728","NY CITY CENTRAL PARK, NY US","2019-11-24","8.05",,"0.90","0.0","0.0",,"46","40",,"  280","  290","17.0","29.1","    1",,,,,
"USW00094728","NY CITY CENTRAL PARK, NY US","2019-11-25","5.14",,"0.00","0.0","0.0",,"53","39",,"  260","  270","13.0","19.0",,,,,,
"USW00094728","NY CITY CENTRAL PARK, NY US","2019-11-26","4.25",,"0.00","0.0","0.0",,"61","44",,"  220","  240","10.1","18.1",,,,,,
"USW00094728","NY CITY CENTRAL PARK, NY US","2019-11-27","4.25",,"0.04","0.0","0.0",,"59","49",,"  280","  260","21.9","35.1",,,,,,
"USW00094728","NY CITY CENTRAL PARK, NY US","2019-11-28","11.41",,"0.00","0.0","0.0",,"53","37",,"  300","  310","23.0","36.9",,,,,,
"USW00094728","NY CITY CENTRAL PARK, NY US","2019-11-29","6.26",,"0.00","0.0","0.0",,"40","30",,"  300","  360","14.1","23.9",,,,,,
"USW00094728","NY CITY CENTRAL PARK, NY US","2019-11-30","4.25",,"0.00","0.0","0.0",,"43","31",,"  340","  330","13.0","17.0",,,,,,
"USW00094728","NY CITY CENTRAL PARK, NY US","2019-12-01","9.84",,"0.62","0.0","0.0",,"39","30",,"   50","   80","23.0","35.1","    1",,,,"    1",
"USW00094728","NY CITY CENTRAL PARK, NY US","2019-12-02","8.50",,"0.48","1.3","0.0",,"37","31",,"   40","   30","19.9","30.0","    1",,,,,
"USW00094728","NY CITY CENTRAL PARK, NY US","2019-12-03","7.16",,"0.02","0.3","1.2",,"36","30",,"  310","  280","17.0","30.0","    1",,,,,
"USW00094728","NY CITY CENTRAL PARK, NY US","2019-12-04","5.37",,"0.00","0.0","0.0",,"39","32",,"  250","  220","13.0","19.9",,,,,,"    1"
"USW00094728","NY CITY CENTRAL PARK, NY US","2019-12-05","9.40",,"0.00","0.0","0.0",,"42","36",,"  270","  280","19.9","33.1",,,,,,
"USW00094728","NY CITY CENTRAL PARK, NY US","2019-12-06","7.38",,"0.00","0.0","0.0",,"50","34",,"  300","  300","19.9","30.0",,,,,,
"USW00094728","NY CITY CENTRAL PARK, NY US","2019-12-07","6.93",,"0.00","0.0","0.0",,"38","30",,"  300","  290","15.0","23.0",,,,,,
"USW00094728","NY CITY CENTRAL PARK, NY US","2019-12-08","2.68",,"0.00","0.0","0.0",,"46","28",,"  180","  150","10.1","19.0",,,,,,
"USW00094728","NY CITY CENTRAL PARK, NY US","2019-12-09","4.47",,"1.57","0.0","0.0",,"55","42",,"  240","  250","14.1","23.9","    1",,,,,
"USW00094728","NY CITY CENTRAL PARK, NY US","2019-12-10","6.93",,"0.13","0.0","0.0",,"58","39",,"  280","  270","17.0","28.0","    1",,,,,
"USW00094728","NY CITY CENTRAL PARK, NY US","2019-12-11","6.26",,"0.26","0.2","0.0",,"40","31",,"  270","  240","17.0","29.1","    1",,,,,
"USW00094728","NY CITY CENTRAL PARK, NY US","2019-12-12","4.70",,"0.00","0.0","0.0",,"36","26",,"  340","  340","15.0","19.9",,,,,,
"USW00094728","NY CITY CENTRAL PARK, NY US","2019-12-13","5.82",,"0.81","0.0","0.0",,"48","33",,"   50","   60","14.1","18.1","    1",,,,,"    1"
"USW00094728","NY CITY CENTRAL PARK, NY US","2019-12-14","6.04",,"1.16","0.0","0.0",,"56","45",,"  250","  230","19.9","30.0","    1",,,,,
"USW00094728","NY CITY CENTRAL PARK, NY US","2019-12-15","9.62",,"0.00","0.0","0.0",,"49","37",,"  270","  280","21.0","38.9",,,,,,
"USW00094728","NY CITY CENTRAL PARK, NY US","2019-12-16","3.80",,"0.10","0.0","0.0",,"37","33",,"  310","  260","12.1","19.9","    1",,,,"    1",
"USW00094728","NY CITY CENTRAL PARK, NY US","2019-12-17","8.72",,"0.90","0.0","0.0",,"35","32",,"   60","   50","17.0","25.9","    1",,,,"    1",
"USW00094728","NY CITY CENTRAL PARK, NY US","2019-12-18","8.95",,"0.03","0.7","0.0",,"36","21",,"  300","  310","19.9","31.1","    1",,,,,"    1"
"USW00094728","NY CITY CENTRAL PARK, NY US","2019-12-19","10.51",,"0.00","0.0","0.0",,"25","16",,"  280","  270","19.9","32.0",,,,,,
"USW00094728","NY CITY CENTRAL PARK, NY US","2019-12-20","6.04",,"0.00","0.0","0.0",,"33","22",,"  360","  290","12.1","18.1",,,,,,
"USW00094728","NY CITY CENTRAL PARK, NY US","2019-12-21","2.91",,"0.00","0.0","0.0",,"35","23",,"   20","   10","13.0","19.9",,,,,,
"USW00094728","NY CITY CENTRAL PARK, NY US","2019-12-22","4.70",,"0.00","0.0","0.0",,"46","30",,"  220","  230","14.1","21.0",,,,,,"    1"
"USW00094728","NY CITY CENTRAL PARK, NY US","2019-12-23","4.70",,"0.00","0.0","0.0",,"57","41",,"  240","  240","14.1","21.0",,,,,,
"USW00094728","NY CITY CENTRAL PARK, NY US","2019-12-24","5.82",,"0.00","0.0","0.0",,"47","36",,"  360","   30","15.0","21.0",,,,,,
"USW00094728","NY CITY CENTRAL PARK, NY US","2019-12-25","3.58",,"0.00","0.0","0.0",,"47","32",,"  220","  230","8.9","14.1",,,,,,
"USW00094728","NY CITY CENTRAL PARK, NY US","2019-12-26","5.82",,"0.00","0.0","0.0",,"46","36",,"   50","   60","13.0","17.0","    1",,,,,"    1"
"USW00094728","NY CITY CENTRAL PARK, NY US","2019-12-27","4.47",,"0.00","0.0","0.0",,"54","46",,"  250","  210","14.1","21.0",,,,,,
"USW00094728","NY CITY CENTRAL PARK, NY US","2019-12-28","4.03",,"0.00","0.0","0.0",,"51","43",,"  300","  290","10.1","18.1","    1",,,,,"    1"
"USW00094728","NY CITY CENTRAL PARK, NY US","2019-12-29","4.92",,"0.25","0.0","0.0",,"44","39",,"   90","   80","10.1","13.0","    1",,,,,
"USW00094728","NY CITY CENTRAL PARK, NY US","2019-12-30","12.75",,"0.74","0.0","0.0",,"41","37",,"   70","   60","25.1","38.9","    1",,,,,
"USW00094728","NY CITY CENTRAL PARK, NY US","2019-12-31","5.14",,"0.02","0.0","0.0",,"45","36",,"   40","   30","16.1","23.9","    1",,,,,
